uuid,event_id,category,type,value,comment,to_ids,date,object_relation,attribute_tag,object_uuid,object_name,object_meta_category
"6838d91c-4830-4b4a-8eeb-0dea1c113524",1715,"Network activity","ip-dst","112.85.42.197","",1,1748556060,"","","","",""
"6838d91c-02bc-4951-b785-0dea1c113524",1715,"Network activity","ip-dst","112.85.42.144","",1,1748556060,"","","","",""
"6838d91c-9044-47ca-94cf-0dea1c113524",1715,"Network activity","ip-dst","109.192.8.180","",1,1748556060,"","","","",""
"6838d91c-a604-4a49-97fd-0dea1c113524",1715,"Network activity","ip-dst","14.33.133.188","",1,1748556060,"","","","",""
"6838d91c-23ac-4ad6-8967-0dea1c113524",1715,"Network activity","ip-dst","5.188.10.182","",1,1748556060,"","","","",""
"6838d91c-4a38-4da4-8b04-0dea1c113524",1715,"Network activity","ip-dst","112.85.42.148","",1,1748556060,"","","","",""
"6838d91c-a328-4ea4-a42c-0dea1c113524",1715,"Network activity","ip-dst","71.84.50.96","",1,1748556060,"","","","",""
"6838d91c-79a0-45c3-8797-0dea1c113524",1715,"Network activity","ip-dst","168.196.107.6","",1,1748556060,"","","","",""
"6838d91c-dde4-47d4-89d7-0dea1c113524",1715,"Network activity","ip-dst","103.207.37.217","",1,1748556060,"","","","",""
"6838d91c-e274-4ff0-8823-0dea1c113524",1715,"Network activity","ip-dst","185.153.199.210","",1,1748556060,"","","","",""
"6838d91c-4208-4f64-8f19-0dea1c113524",1715,"Network activity","ip-dst","91.197.232.109","",1,1748556060,"","","","",""
"6838d91c-5cb8-4f19-941a-0dea1c113524",1715,"Network activity","ip-dst","5.188.10.76","",1,1748556060,"","","","",""
"6838d91c-8b14-4479-ad1b-0dea1c113524",1715,"Network activity","ip-dst","122.225.36.138","",1,1748556060,"","","","",""
"6838d91c-8e78-4683-a555-0dea1c113524",1715,"Network activity","ip-dst","123.160.246.55","",1,1748556060,"","","","",""
"6838d91c-b950-4947-9365-0dea1c113524",1715,"Network activity","ip-dst","222.139.8.45","",1,1748556060,"","","","",""
"6838d91c-a864-4b9c-bd5e-0dea1c113524",1715,"Network activity","ip-dst","42.7.26.49","",1,1748556060,"","","","",""
"6838d91c-c52c-474b-842a-0dea1c113524",1715,"Network activity","ip-dst","69.165.243.241","",1,1748556060,"","","","",""
"6838d91c-7df4-45af-89bf-0dea1c113524",1715,"Network activity","ip-dst","193.201.224.158","",1,1748556060,"","","","",""
"6838d91c-5728-41cc-a884-0dea1c113524",1715,"Network activity","ip-dst","193.201.224.218","",1,1748556060,"","","","",""
"6838d91c-9b00-4d09-9112-0dea1c113524",1715,"Network activity","ip-dst","91.197.232.107","",1,1748556060,"","","","",""
"6838d91c-1098-4a3e-b637-0dea1c113524",1715,"Network activity","ip-dst","193.201.224.208","",1,1748556060,"","","","",""
"6838d91c-b448-4e55-b516-0dea1c113524",1715,"Network activity","ip-dst","60.165.208.28","",1,1748556060,"","","","",""
"6838d91c-a1cc-4877-8425-0dea1c113524",1715,"Network activity","ip-dst","117.71.18.20","",1,1748556060,"","","","",""
"6838d91c-d9ec-481b-b00c-0dea1c113524",1715,"Network activity","ip-dst","122.114.239.229","",1,1748556060,"","","","",""
"6838d91c-abb4-4b20-9182-0dea1c113524",1715,"Network activity","ip-dst","106.13.114.26","",1,1748556060,"","","","",""
"6838d91c-175c-419d-9ae9-0dea1c113524",1715,"Network activity","ip-dst","112.85.42.234","",1,1748556060,"","","","",""
"6838d91c-0f08-49f7-aa32-0dea1c113524",1715,"Network activity","ip-dst","93.184.189.205","",1,1748556060,"","","","",""
"6838d91c-a7a4-4f6a-8e24-0dea1c113524",1715,"Network activity","ip-dst","104.207.147.237","",1,1748556060,"","","","",""
"6838d91c-7d54-439f-931a-0dea1c113524",1715,"Network activity","ip-dst","219.93.6.6","",1,1748556060,"","","","",""
"6838d91c-47b0-4632-900a-0dea1c113524",1715,"Network activity","ip-dst","49.233.151.3","",1,1748556060,"","","","",""
"6838d91c-3b74-43a6-b01b-0dea1c113524",1715,"Network activity","ip-dst","148.70.91.15","",1,1748556060,"","","","",""
"6838d91c-c174-42f6-a0e3-0dea1c113524",1715,"Network activity","ip-dst","103.89.90.108","",1,1748556060,"","","","",""
"6838d91c-1b50-4f78-88c1-0dea1c113524",1715,"Network activity","ip-dst","69.229.6.8","",1,1748556060,"","","","",""
"6838d91c-59e8-451c-b971-0dea1c113524",1715,"Network activity","ip-dst","188.92.75.240","",1,1748556060,"","","","",""
"6838d91c-c170-491c-b307-0dea1c113524",1715,"Network activity","ip-dst","129.28.191.60","",1,1748556060,"","","","",""
"6838d91c-66b0-4cfc-a602-0dea1c113524",1715,"Network activity","ip-dst","125.100.6.69","",1,1748556060,"","","","",""
"6838d91d-20c8-4ede-af61-0dea1c113524",1715,"Network activity","ip-dst","80.66.81.86","",1,1748556061,"","","","",""
"6838d91d-cf68-482c-8338-0dea1c113524",1715,"Network activity","ip-dst","180.76.119.77","",1,1748556061,"","","","",""
"6838d91d-7e6c-4a90-9c47-0dea1c113524",1715,"Network activity","ip-dst","203.162.121.13","",1,1748556061,"","","","",""
"6838d91d-01f0-40fc-96e5-0dea1c113524",1715,"Network activity","ip-dst","193.188.22.229","",1,1748556061,"","","","",""
"6838d91d-2b38-4f83-a05d-0dea1c113524",1715,"Network activity","ip-dst","113.31.112.11","",1,1748556061,"","","","",""
"6838d91d-09e4-4efc-980f-0dea1c113524",1715,"Network activity","ip-dst","103.127.207.98","",1,1748556061,"","","","",""
"6838d91d-e5d4-486f-893f-0dea1c113524",1715,"Network activity","ip-dst","81.4.123.26","",1,1748556061,"","","","",""
"6838d91d-34c0-4129-9e46-0dea1c113524",1715,"Network activity","ip-dst","183.98.32.5","",1,1748556061,"","","","",""
"6838d91d-f10c-43d0-9451-0dea1c113524",1715,"Network activity","ip-dst","175.211.59.177","",1,1748556061,"","","","",""
"6838d91d-9f88-47ce-aa7c-0dea1c113524",1715,"Network activity","ip-dst","212.12.172.155","",1,1748556061,"","","","",""
"6838d91d-4b08-4508-99bd-0dea1c113524",1715,"Network activity","ip-dst","202.102.90.229","",1,1748556061,"","","","",""
"6838d91d-d298-4886-830b-0dea1c113524",1715,"Network activity","ip-dst","178.15.132.194","",1,1748556061,"","","","",""
"6838d91d-25d0-479d-a2be-0dea1c113524",1715,"Network activity","ip-dst","104.248.94.229","",1,1748556061,"","","","",""
"6838d91d-bb70-46ce-b401-0dea1c113524",1715,"Network activity","ip-dst","62.82.244.22","",1,1748556061,"","","","",""
"6838d91d-b1f0-420d-bc84-0dea1c113524",1715,"Network activity","ip-dst","223.16.216.92","",1,1748556061,"","","","",""
"6838d91d-1720-40dc-8cd4-0dea1c113524",1715,"Network activity","ip-dst","103.89.90.167","",1,1748556061,"","","","",""
"6838d91d-d628-4b3d-89be-0dea1c113524",1715,"Network activity","ip-dst","185.110.132.49","",1,1748556061,"","","","",""
"6838d91d-39c8-4adf-b705-0dea1c113524",1715,"Network activity","ip-dst","116.31.116.30","",1,1748556061,"","","","",""
"6838d91d-24f4-4b7c-87bd-0dea1c113524",1715,"Network activity","ip-dst","123.207.55.225","",1,1748556061,"","","","",""
"6838d91d-04cc-4f85-9671-0dea1c113524",1715,"Network activity","ip-dst","94.156.198.51","",1,1748556061,"","","","",""
"6838d91d-a1d8-41a9-9b95-0dea1c113524",1715,"Network activity","ip-dst","202.189.2.94","",1,1748556061,"","","","",""
"6838d91d-5a60-40e6-8da2-0dea1c113524",1715,"Network activity","ip-dst","80.158.6.115","",1,1748556061,"","","","",""
"6838d91d-b694-436d-863d-0dea1c113524",1715,"Network activity","ip-dst","121.201.45.23","",1,1748556061,"","","","",""
"6838d91d-038c-4a31-b633-0dea1c113524",1715,"Network activity","ip-dst","91.197.18.66","",1,1748556061,"","","","",""
"6838d91d-90f8-474b-a27c-0dea1c113524",1715,"Network activity","ip-dst","41.33.125.7","",1,1748556061,"","","","",""
"6838d91d-3188-488a-abba-0dea1c113524",1715,"Network activity","ip-dst","117.21.191.219","",1,1748556061,"","","","",""
"6838d91d-1b24-4f3e-be15-0dea1c113524",1715,"Network activity","ip-dst","197.50.224.68","",1,1748556061,"","","","",""
"6838d91d-4940-4720-b504-0dea1c113524",1715,"Network activity","ip-dst","103.99.3.95","",1,1748556061,"","","","",""

